{
  "model": "Qwen/Qwen2.5-0.5B-Instruct",
  "n_per_hop": 15,
  "results": {
    "2": {
      "single": 0.4666666666666667,
      "comp": 0.0,
      "cot": 0.26666666666666666
    },
    "3": {
      "single": 0.4,
      "comp": 0.0,
      "cot": 0.0
    },
    "4": {
      "single": 0.13333333333333333,
      "comp": 0.06666666666666667,
      "cot": 0.06666666666666667
    }
  }
}